[{"median_age_persons": 27, "median_tot_prsnl_inc_weekly": 317, "population": 10072.48076, "sa3_code16": "70204", "score": -0.31645712521891645},
{"median_age_persons": 28, "median_tot_prsnl_inc_weekly": 642, "population": 147363.657, "sa3_code16": "20604", "score": -0.752930578854887},
{"median_age_persons": 29, "median_tot_prsnl_inc_weekly": 441, "population": 4433.618066, "sa3_code16": "70202", "score": 0.04791705691766651},
{"median_age_persons": 29, "median_tot_prsnl_inc_weekly": 531, "population": 14917.26361, "sa3_code16": "70205", "score": 0.21345245816658825},
{"median_age_persons": 30, "median_tot_prsnl_inc_weekly": 642, "population": 48240.60504, "sa3_code16": "30403", "score": -0.3739725029427279},
{"median_age_persons": 30, "median_tot_prsnl_inc_weekly": 715, "population": 68888.38727, "sa3_code16": "31004", "score": -0.72065615220537},
{"median_age_persons": 30, "median_tot_prsnl_inc_weekly": 553, "population": 21802.12677, "sa3_code16": "40101", "score": -0.07181716227037493},
{"median_age_persons": 30, "median_tot_prsnl_inc_weekly": 1056, "population": 26971.47174, "sa3_code16": "70104", "score": -0.08085564875306611},
{"median_age_persons": 30, "median_tot_prsnl_inc_weekly": 299, "population": 12910.43045, "sa3_code16": "70203", "score": 0.6469242036973478},
{"median_age_persons": 30, "median_tot_prsnl_inc_weekly": 1340, "population": 3774.286088, "sa3_code16": "80110", "score": -0.20065091227277543},
{"median_age_persons": 31, "median_tot_prsnl_inc_weekly": 494, "population": 25562.62861, "sa3_code16": "31501", "score": -0.07545711325815962},
{"median_age_persons": 31, "median_tot_prsnl_inc_weekly": 1052, "population": 57617.46019, "sa3_code16": "80104", "score": 0.015732399600528413},
{"median_age_persons": 31, "median_tot_prsnl_inc_weekly": 925, "population": 49523.24453, "sa3_code16": "80105", "score": 0.0014019031617139022},
{"median_age_persons": 32, "median_tot_prsnl_inc_weekly": 577, "population": 95257.83422, "sa3_code16": "11603", "score": 0.18300852189794958},
{"median_age_persons": 32, "median_tot_prsnl_inc_weekly": 956, "population": 222939.3642, "sa3_code16": "11703", "score": 0.09718392920042235},
{"median_age_persons": 32, "median_tot_prsnl_inc_weekly": 519, "population": 83007.79554, "sa3_code16": "12501", "score": -0.5821769042421268},
{"median_age_persons": 32, "median_tot_prsnl_inc_weekly": 491, "population": 142558.4039, "sa3_code16": "21005", "score": -0.02556803703128313},
{"median_age_persons": 32, "median_tot_prsnl_inc_weekly": 661, "population": 146171.993, "sa3_code16": "21203", "score": 0.11860407943221529},
{"median_age_persons": 32, "median_tot_prsnl_inc_weekly": 680, "population": 192409.4915, "sa3_code16": "21305", "score": -0.7692167010827691},
{"median_age_persons": 32, "median_tot_prsnl_inc_weekly": 855, "population": 68908.26745, "sa3_code16": "30501", "score": -0.7785834611770024},
{"median_age_persons": 32, "median_tot_prsnl_inc_weekly": 953, "population": 51413.63641, "sa3_code16": "30504", "score": -0.5216494621134999},
{"median_age_persons": 32, "median_tot_prsnl_inc_weekly": 636, "population": 67773.34078, "sa3_code16": "31103", "score": -0.5886321017984162},
{"median_age_persons": 32, "median_tot_prsnl_inc_weekly": 751, "population": 59888.72254, "sa3_code16": "31402", "score": -0.06500209049544439},
{"median_age_persons": 32, "median_tot_prsnl_inc_weekly": 842, "population": 24248.83036, "sa3_code16": "31502", "score": -0.12127823697493975},
{"median_age_persons": 32, "median_tot_prsnl_inc_weekly": 773, "population": 22077.50184, "sa3_code16": "50606", "score": -0.7613701665993066},
{"median_age_persons": 32, "median_tot_prsnl_inc_weekly": 684, "population": 32421.1809, "sa3_code16": "50703", "score": -0.740454860041289},
{"median_age_persons": 32, "median_tot_prsnl_inc_weekly": 748, "population": 26347.03475, "sa3_code16": "51001", "score": -0.19679387087657987},
{"median_age_persons": 32, "median_tot_prsnl_inc_weekly": 1554, "population": 20192.40401, "sa3_code16": "51002", "score": 0.040567901473571255},
{"median_age_persons": 33, "median_tot_prsnl_inc_weekly": 845, "population": 78243.15934, "sa3_code16": "11602", "score": -0.4801941176351998},
{"median_age_persons": 33, "median_tot_prsnl_inc_weekly": 490, "population": 133223.572, "sa3_code16": "12503", "score": -0.27470902548280685},
{"median_age_persons": 33, "median_tot_prsnl_inc_weekly": 614, "population": 88607.86035, "sa3_code16": "12701", "score": -0.015493257821159456},
{"median_age_persons": 33, "median_tot_prsnl_inc_weekly": 703, "population": 79089.5118, "sa3_code16": "21303", "score": -0.23339660749111657},
{"median_age_persons": 33, "median_tot_prsnl_inc_weekly": 656, "population": 133560.4798, "sa3_code16": "21304", "score": -0.4661611182548848},
{"median_age_persons": 33, "median_tot_prsnl_inc_weekly": 829, "population": 66866.8114, "sa3_code16": "30302", "score": -0.6880870989007802},
{"median_age_persons": 33, "median_tot_prsnl_inc_weekly": 664, "population": 51962.17821, "sa3_code16": "30305", "score": 0.05770474412209456},
{"median_age_persons": 33, "median_tot_prsnl_inc_weekly": 1037, "population": 88528.5379, "sa3_code16": "20607", "score": -0.292962674376964},
{"median_age_persons": 33, "median_tot_prsnl_inc_weekly": 535, "population": 45388.28506, "sa3_code16": "30306", "score": 0.12965786548398206},
{"median_age_persons": 33, "median_tot_prsnl_inc_weekly": 951, "population": 81328.24286, "sa3_code16": "30503", "score": -0.4055003517025876},
{"median_age_persons": 33, "median_tot_prsnl_inc_weekly": 814, "population": 22873.74548, "sa3_code16": "30801", "score": -0.29501755610943253},
{"median_age_persons": 33, "median_tot_prsnl_inc_weekly": 580, "population": 63531.70147, "sa3_code16": "31001", "score": -0.5268022190367364},
{"median_age_persons": 33, "median_tot_prsnl_inc_weekly": 708, "population": 156240.4625, "sa3_code16": "50503", "score": -0.06461849260594607},
{"median_age_persons": 33, "median_tot_prsnl_inc_weekly": 698, "population": 66936.07142, "sa3_code16": "50601", "score": 0.05298393180141264},
{"median_age_persons": 33, "median_tot_prsnl_inc_weekly": 497, "population": 73571.83006, "sa3_code16": "40202", "score": -0.27475752588332664},
{"median_age_persons": 33, "median_tot_prsnl_inc_weekly": 938, "population": 31282.29672, "sa3_code16": "51103", "score": -0.012659589280954786},
{"median_age_persons": 33, "median_tot_prsnl_inc_weekly": 788, "population": 30629.44154, "sa3_code16": "70201", "score": -0.0008652262455614793},
{"median_age_persons": 34, "median_tot_prsnl_inc_weekly": 834, "population": 133882.6101, "sa3_code16": "11802", "score": -0.3513074330581586},
{"median_age_persons": 34, "median_tot_prsnl_inc_weekly": 700, "population": 145055.1774, "sa3_code16": "12003", "score": -0.23325896670014995},
{"median_age_persons": 34, "median_tot_prsnl_inc_weekly": 820, "population": 52968.74217, "sa3_code16": "12301", "score": -0.037489386582141765},
{"median_age_persons": 34, "median_tot_prsnl_inc_weekly": 630, "population": 138955.9036, "sa3_code16": "12302", "score": -0.696802031589965},
{"median_age_persons": 34, "median_tot_prsnl_inc_weekly": 751, "population": 122032.0619, "sa3_code16": "12403", "score": -0.4465677867125146},
{"median_age_persons": 34, "median_tot_prsnl_inc_weekly": 683, "population": 48046.34009, "sa3_code16": "12405", "score": -0.5781211174221692},
{"median_age_persons": 34, "median_tot_prsnl_inc_weekly": 722, "population": 126534.8192, "sa3_code16": "12504", "score": -0.7037676913925713},
{"median_age_persons": 34, "median_tot_prsnl_inc_weekly": 603, "population": 101830.6957, "sa3_code16": "12703", "score": -0.6610493544361354},
{"median_age_persons": 34, "median_tot_prsnl_inc_weekly": 763, "population": 84885.7894, "sa3_code16": "20601", "score": -0.2729430975827936},
{"median_age_persons": 34, "median_tot_prsnl_inc_weekly": 679, "population": 83213.41239, "sa3_code16": "21201", "score": -0.23154940331875687},
{"median_age_persons": 34, "median_tot_prsnl_inc_weekly": 647, "population": 65186.95051, "sa3_code16": "30303", "score": -0.13065971901800452},
{"median_age_persons": 34, "median_tot_prsnl_inc_weekly": 689, "population": 35333.77837, "sa3_code16": "30304", "score": -0.8757318607509017},
{"median_age_persons": 34, "median_tot_prsnl_inc_weekly": 731, "population": 98815.70277, "sa3_code16": "30907", "score": -0.6154067232546186},
{"median_age_persons": 34, "median_tot_prsnl_inc_weekly": 703, "population": 160313.4804, "sa3_code16": "31802", "score": -0.42615569732357234},
{"median_age_persons": 34, "median_tot_prsnl_inc_weekly": 1111, "population": 65301.92303, "sa3_code16": "20606", "score": 0.06483695883230506},
{"median_age_persons": 34, "median_tot_prsnl_inc_weekly": 601, "population": 192114.1393, "sa3_code16": "20904", "score": 0.16331039820036403},
{"median_age_persons": 34, "median_tot_prsnl_inc_weekly": 1032, "population": 36798.33578, "sa3_code16": "30502", "score": -0.026146544274754935},
{"median_age_persons": 34, "median_tot_prsnl_inc_weekly": 721, "population": 108111.8897, "sa3_code16": "50403", "score": -0.6711711938615993},
{"median_age_persons": 34, "median_tot_prsnl_inc_weekly": 584, "population": 66666.63781, "sa3_code16": "31106", "score": -0.2508959943016875},
{"median_age_persons": 34, "median_tot_prsnl_inc_weekly": 772, "population": 27323.34504, "sa3_code16": "31201", "score": -0.7185504674708648},
{"median_age_persons": 34, "median_tot_prsnl_inc_weekly": 558, "population": 58785.23409, "sa3_code16": "31302", "score": -0.5817215760674626},
{"median_age_persons": 34, "median_tot_prsnl_inc_weekly": 761, "population": 63826.2129399999, "sa3_code16": "50602", "score": -0.7553064193572695},
{"median_age_persons": 34, "median_tot_prsnl_inc_weekly": 636, "population": 100538.2823, "sa3_code16": "50604", "score": 0.13454585115792078},
{"median_age_persons": 34, "median_tot_prsnl_inc_weekly": 682, "population": 105104.5137, "sa3_code16": "50705", "score": -0.3115412242961239},
{"median_age_persons": 34, "median_tot_prsnl_inc_weekly": 1195, "population": 23996.62775, "sa3_code16": "70101", "score": -0.31365741085959076},
{"median_age_persons": 34, "median_tot_prsnl_inc_weekly": 956, "population": 46985.77935, "sa3_code16": "70102", "score": -0.31676331314695316},
{"median_age_persons": 34, "median_tot_prsnl_inc_weekly": 1090, "population": 461.9256534, "sa3_code16": "80111", "score": -0.5904236548330924},
{"median_age_persons": 35, "median_tot_prsnl_inc_weekly": 854, "population": 28052.4991, "sa3_code16": "11504", "score": -0.8936962634338887},
{"median_age_persons": 35, "median_tot_prsnl_inc_weekly": 652, "population": 120100.7362, "sa3_code16": "11601", "score": 0.10939625043539641},
{"median_age_persons": 35, "median_tot_prsnl_inc_weekly": 720, "population": 43280.37609, "sa3_code16": "11701", "score": -0.5478632828001331},
{"median_age_persons": 35, "median_tot_prsnl_inc_weekly": 509, "population": 150768.7887, "sa3_code16": "11901", "score": 0.31213984992912686},
{"median_age_persons": 35, "median_tot_prsnl_inc_weekly": 492, "population": 120617.4864, "sa3_code16": "11902", "score": -0.27376243450510107},
{"median_age_persons": 35, "median_tot_prsnl_inc_weekly": 667, "population": 128854.4341, "sa3_code16": "11904", "score": -0.17790771808344752},
{"median_age_persons": 35, "median_tot_prsnl_inc_weekly": 900, "population": 52195.69372, "sa3_code16": "11702", "score": -0.24359252579246454},
{"median_age_persons": 35, "median_tot_prsnl_inc_weekly": 818, "population": 63244.26008, "sa3_code16": "20603", "score": -0.12328624630836026},
{"median_age_persons": 35, "median_tot_prsnl_inc_weekly": 486, "population": 175905.6815, "sa3_code16": "21204", "score": 0.31511371685082956},
{"median_age_persons": 35, "median_tot_prsnl_inc_weekly": 482, "population": 173551.9453, "sa3_code16": "21301", "score": -0.4846944696389244},
{"median_age_persons": 35, "median_tot_prsnl_inc_weekly": 814, "population": 35966.228, "sa3_code16": "30203", "score": -0.156068468210846},
{"median_age_persons": 35, "median_tot_prsnl_inc_weekly": 573, "population": 14070.05689, "sa3_code16": "60101", "score": -0.5840195102196292},
{"median_age_persons": 35, "median_tot_prsnl_inc_weekly": 584, "population": 70320.47778, "sa3_code16": "21003", "score": -0.4917407949729872},
{"median_age_persons": 35, "median_tot_prsnl_inc_weekly": 678, "population": 51349.89822, "sa3_code16": "30805", "score": -0.26538552495464596},
{"median_age_persons": 35, "median_tot_prsnl_inc_weekly": 973, "population": 93840.60955, "sa3_code16": "50302", "score": -0.794603702235358},
{"median_age_persons": 35, "median_tot_prsnl_inc_weekly": 640, "population": 90531.11807, "sa3_code16": "31003", "score": 0.07333802934005293},
{"median_age_persons": 35, "median_tot_prsnl_inc_weekly": 591, "population": 35445.99538, "sa3_code16": "31102", "score": -0.373970775730201},
{"median_age_persons": 35, "median_tot_prsnl_inc_weekly": 717, "population": 38657.74623, "sa3_code16": "31104", "score": -0.34524004305477646},
{"median_age_persons": 35, "median_tot_prsnl_inc_weekly": 672, "population": 52413.53433, "sa3_code16": "31105", "score": -0.6031871058687625},
{"median_age_persons": 35, "median_tot_prsnl_inc_weekly": 605, "population": 83412.3438, "sa3_code16": "50603", "score": -0.3496939777196699},
{"median_age_persons": 35, "median_tot_prsnl_inc_weekly": 761, "population": 87755.69623, "sa3_code16": "50701", "score": -0.47031610367451226},
{"median_age_persons": 35, "median_tot_prsnl_inc_weekly": 558, "population": 58753.86314, "sa3_code16": "40203", "score": 0.19408112661686697},
{"median_age_persons": 35, "median_tot_prsnl_inc_weekly": 533, "population": 115528.0799, "sa3_code16": "40204", "score": -0.4731764599102176},
{"median_age_persons": 35, "median_tot_prsnl_inc_weekly": 919, "population": 83523.17585, "sa3_code16": "80101", "score": -0.8536336127999549},
{"median_age_persons": 36, "median_tot_prsnl_inc_weekly": 652, "population": 61605.74509, "sa3_code16": "10602", "score": -0.4188249566031556},
{"median_age_persons": 36, "median_tot_prsnl_inc_weekly": 1027, "population": 101818.426, "sa3_code16": "12101", "score": -0.17684841694480252},
{"median_age_persons": 36, "median_tot_prsnl_inc_weekly": 688, "population": 33106.54722, "sa3_code16": "12404", "score": -0.4284160389198418},
{"median_age_persons": 36, "median_tot_prsnl_inc_weekly": 749, "population": 125274.4532, "sa3_code16": "12602", "score": -0.08792174050731547},
{"median_age_persons": 36, "median_tot_prsnl_inc_weekly": 1238, "population": 118296.1798, "sa3_code16": "11801", "score": 0.3911230395314531},
{"median_age_persons": 36, "median_tot_prsnl_inc_weekly": 834, "population": 49763.0242, "sa3_code16": "20602", "score": -0.4254929443023076},
{"median_age_persons": 36, "median_tot_prsnl_inc_weekly": 1087, "population": 101114.2411, "sa3_code16": "20605", "score": 0.30681603685787123},
{"median_age_persons": 36, "median_tot_prsnl_inc_weekly": 611, "population": 119556.0331, "sa3_code16": "21202", "score": -0.48015080897551077},
{"median_age_persons": 36, "median_tot_prsnl_inc_weekly": 852, "population": 45207.50249, "sa3_code16": "30301", "score": 0.06643018999526133},
{"median_age_persons": 36, "median_tot_prsnl_inc_weekly": 556, "population": 91323.78654, "sa3_code16": "20902", "score": -0.6936732684822898},
{"median_age_persons": 36, "median_tot_prsnl_inc_weekly": 909, "population": 39150.93988, "sa3_code16": "20804", "score": -0.33034599873016074},
{"median_age_persons": 36, "median_tot_prsnl_inc_weekly": 662, "population": 86249.95471, "sa3_code16": "30602", "score": -0.5495054400759803},
{"median_age_persons": 36, "median_tot_prsnl_inc_weekly": 669, "population": 32583.74771, "sa3_code16": "31403", "score": -0.2510214299388159},
{"median_age_persons": 37, "median_tot_prsnl_inc_weekly": 655, "population": 144331.2989, "sa3_code16": "11103", "score": -0.5199324371824696},
{"median_age_persons": 37, "median_tot_prsnl_inc_weekly": 612, "population": 118282.2596, "sa3_code16": "11903", "score": -0.6606581934361956},
{"median_age_persons": 37, "median_tot_prsnl_inc_weekly": 895, "population": 79247.36191, "sa3_code16": "12001", "score": -0.525301349017688},
{"median_age_persons": 37, "median_tot_prsnl_inc_weekly": 724, "population": 36001.49013, "sa3_code16": "12303", "score": -0.19195768399590962},
{"median_age_persons": 37, "median_tot_prsnl_inc_weekly": 442, "population": 168629.7279, "sa3_code16": "12702", "score": -0.4113365241584384},
{"median_age_persons": 37, "median_tot_prsnl_inc_weekly": 564, "population": 168980.1912, "sa3_code16": "21205", "score": 0.07260077225371975},
{"median_age_persons": 37, "median_tot_prsnl_inc_weekly": 792, "population": 63104.51726, "sa3_code16": "30202", "score": -0.45843516083511243},
{"median_age_persons": 37, "median_tot_prsnl_inc_weekly": 595, "population": 98380.57785, "sa3_code16": "20703", "score": -0.460755025900719},
{"median_age_persons": 37, "median_tot_prsnl_inc_weekly": 640, "population": 21948.08977, "sa3_code16": "40602", "score": -0.2962999001124381},
{"median_age_persons": 37, "median_tot_prsnl_inc_weekly": 776, "population": 138654.2309, "sa3_code16": "20802", "score": -0.9219467505278337},
{"median_age_persons": 37, "median_tot_prsnl_inc_weekly": 695, "population": 36252.36858, "sa3_code16": "21004", "score": -0.5731875024136313},
{"median_age_persons": 37, "median_tot_prsnl_inc_weekly": 833, "population": 44056.5335, "sa3_code16": "30404", "score": -0.5363418258494957},
{"median_age_persons": 37, "median_tot_prsnl_inc_weekly": 714, "population": 11939.55791, "sa3_code16": "30804", "score": -0.022943571241885438},
{"median_age_persons": 37, "median_tot_prsnl_inc_weekly": 575, "population": 54313.54427, "sa3_code16": "30909", "score": 0.055533168078334444},
{"median_age_persons": 37, "median_tot_prsnl_inc_weekly": 698, "population": 98224.0439, "sa3_code16": "31202", "score": -0.10148834394820784},
{"median_age_persons": 37, "median_tot_prsnl_inc_weekly": 735, "population": 18795.09692, "sa3_code16": "31203", "score": -0.18773776608537013},
{"median_age_persons": 37, "median_tot_prsnl_inc_weekly": 629, "population": 54921.81001, "sa3_code16": "31304", "score": -0.6060003424701872},
{"median_age_persons": 37, "median_tot_prsnl_inc_weekly": 649, "population": 128948.6859, "sa3_code16": "31701", "score": -0.6458263102972646},
{"median_age_persons": 37, "median_tot_prsnl_inc_weekly": 761, "population": 172173.3934, "sa3_code16": "50502", "score": -0.026227304149855954},
{"median_age_persons": 37, "median_tot_prsnl_inc_weekly": 838, "population": 38540.43586, "sa3_code16": "50607", "score": -0.35956659691047765},
{"median_age_persons": 37, "median_tot_prsnl_inc_weekly": 1090, "population": 20844.19422, "sa3_code16": "70103", "score": -0.6150613440573489},
{"median_age_persons": 37, "median_tot_prsnl_inc_weekly": 955, "population": 73463.6021, "sa3_code16": "80107", "score": 0.1191064278896038},
{"median_age_persons": 38, "median_tot_prsnl_inc_weekly": 930, "population": 48659.54765, "sa3_code16": "10102", "score": -0.1391467825979378},
{"median_age_persons": 38, "median_tot_prsnl_inc_weekly": 642, "population": 39996.08325, "sa3_code16": "10301", "score": -0.4704678728104241},
{"median_age_persons": 38, "median_tot_prsnl_inc_weekly": 663, "population": 47796.731, "sa3_code16": "10304", "score": -0.5118444733505461},
{"median_age_persons": 38, "median_tot_prsnl_inc_weekly": 578, "population": 73863.20642, "sa3_code16": "10601", "score": -0.09183354993139448},
{"median_age_persons": 38, "median_tot_prsnl_inc_weekly": 635, "population": 24930.60688, "sa3_code16": "10604", "score": -0.2036257024007611},
{"median_age_persons": 38, "median_tot_prsnl_inc_weekly": 620, "population": 112515.3989, "sa3_code16": "10704", "score": -0.22068414479326975},
{"median_age_persons": 38, "median_tot_prsnl_inc_weekly": 652, "population": 79548.93066, "sa3_code16": "11303", "score": -0.577748738405742},
{"median_age_persons": 38, "median_tot_prsnl_inc_weekly": 1235, "population": 50397.5667, "sa3_code16": "12002", "score": 0.18298316395175712},
{"median_age_persons": 38, "median_tot_prsnl_inc_weekly": 793, "population": 71251.24977, "sa3_code16": "12102", "score": -0.19596345169020582},
{"median_age_persons": 38, "median_tot_prsnl_inc_weekly": 1361, "population": 89160.07945, "sa3_code16": "12104", "score": -0.11138829890950797},
{"median_age_persons": 38, "median_tot_prsnl_inc_weekly": 1193, "population": 37689.59361, "sa3_code16": "12201", "score": -0.2379014252522808},
{"median_age_persons": 38, "median_tot_prsnl_inc_weekly": 645, "population": 60087.41225, "sa3_code16": "12502", "score": -0.04705726347050057},
{"median_age_persons": 38, "median_tot_prsnl_inc_weekly": 592, "population": 89774.2329, "sa3_code16": "20101", "score": -0.016646823067751643},
{"median_age_persons": 38, "median_tot_prsnl_inc_weekly": 609, "population": 82082.67757, "sa3_code16": "20201", "score": -0.21949222328034287},
{"median_age_persons": 38, "median_tot_prsnl_inc_weekly": 696, "population": 102077.5929, "sa3_code16": "21103", "score": -0.05413843860886543},
{"median_age_persons": 38, "median_tot_prsnl_inc_weekly": 660, "population": 124292.2724, "sa3_code16": "21401", "score": -0.0029845117412983235},
{"median_age_persons": 38, "median_tot_prsnl_inc_weekly": 783, "population": 60433.80693, "sa3_code16": "30103", "score": -0.1636410107902331},
{"median_age_persons": 38, "median_tot_prsnl_inc_weekly": 805, "population": 36887.12483, "sa3_code16": "30201", "score": -0.9596430951906075},
{"median_age_persons": 38, "median_tot_prsnl_inc_weekly": 701, "population": 52087.2176, "sa3_code16": "30204", "score": 0.08845777451220144},
{"median_age_persons": 38, "median_tot_prsnl_inc_weekly": 691, "population": 27866.05299, "sa3_code16": "30905", "score": -0.2095450429918921},
{"median_age_persons": 38, "median_tot_prsnl_inc_weekly": 661, "population": 57604.77193, "sa3_code16": "30906", "score": -0.5176128980875689},
{"median_age_persons": 38, "median_tot_prsnl_inc_weekly": 869, "population": 158787.7626, "sa3_code16": "20701", "score": -0.3632147432680164},
{"median_age_persons": 38, "median_tot_prsnl_inc_weekly": 621, "population": 54861.84365, "sa3_code16": "40403", "score": -0.4412789150476023},
{"median_age_persons": 38, "median_tot_prsnl_inc_weekly": 661, "population": 37088.20805, "sa3_code16": "30701", "score": -0.1609192147281682},
{"median_age_persons": 38, "median_tot_prsnl_inc_weekly": 623, "population": 100212.9319, "sa3_code16": "30803", "score": -0.2391383833541512},
{"median_age_persons": 38, "median_tot_prsnl_inc_weekly": 728, "population": 72561.63231, "sa3_code16": "50401", "score": -0.8044513863274974},
{"median_age_persons": 38, "median_tot_prsnl_inc_weekly": 651, "population": 44039.36537, "sa3_code16": "30908", "score": -0.6929243321301183},
{"median_age_persons": 38, "median_tot_prsnl_inc_weekly": 821, "population": 74807.76836, "sa3_code16": "31401", "score": -0.7180479412742303},
{"median_age_persons": 38, "median_tot_prsnl_inc_weekly": 717, "population": 7696.425277, "sa3_code16": "51102", "score": -0.5851331376984122},
{"median_age_persons": 39, "median_tot_prsnl_inc_weekly": 569, "population": 32134.00091, "sa3_code16": "11001", "score": -0.6503979012910899},
{"median_age_persons": 39, "median_tot_prsnl_inc_weekly": 656, "population": 21087.94919, "sa3_code16": "11003", "score": -0.24510975880796673},
{"median_age_persons": 39, "median_tot_prsnl_inc_weekly": 648, "population": 40386.95811, "sa3_code16": "11301", "score": -0.21507401317441308},
{"median_age_persons": 39, "median_tot_prsnl_inc_weekly": 809, "population": 127940.0915, "sa3_code16": "11501", "score": -0.6992369599045731},
{"median_age_persons": 39, "median_tot_prsnl_inc_weekly": 871, "population": 133402.1913, "sa3_code16": "12203", "score": -0.18550794139169546},
{"median_age_persons": 39, "median_tot_prsnl_inc_weekly": 797, "population": 43287.33008, "sa3_code16": "12601", "score": -0.432400248789785},
{"median_age_persons": 39, "median_tot_prsnl_inc_weekly": 833, "population": 96015.32161, "sa3_code16": "12802", "score": -0.3124149027101836},
{"median_age_persons": 39, "median_tot_prsnl_inc_weekly": 595, "population": 165610.8869, "sa3_code16": "20302", "score": -0.6814300158218201},
{"median_age_persons": 39, "median_tot_prsnl_inc_weekly": 664, "population": 145185.7917, "sa3_code16": "21101", "score": -0.4009283006320511},
{"median_age_persons": 39, "median_tot_prsnl_inc_weekly": 721, "population": 77813.26367, "sa3_code16": "21302", "score": -0.47595305963710594},
{"median_age_persons": 39, "median_tot_prsnl_inc_weekly": 588, "population": 54637.63069, "sa3_code16": "21603", "score": -0.2123375806130977},
{"median_age_persons": 39, "median_tot_prsnl_inc_weekly": 725, "population": 64283.21201, "sa3_code16": "30101", "score": -0.8351978894935166},
{"median_age_persons": 39, "median_tot_prsnl_inc_weekly": 728, "population": 113417.5556, "sa3_code16": "20901", "score": -0.705688359511387},
{"median_age_persons": 39, "median_tot_prsnl_inc_weekly": 813, "population": 29002.29967, "sa3_code16": "30401", "score": -0.2215555881244904},
{"median_age_persons": 39, "median_tot_prsnl_inc_weekly": 768, "population": 44836.52426, "sa3_code16": "30601", "score": -0.44156625481246675},
{"median_age_persons": 39, "median_tot_prsnl_inc_weekly": 643, "population": 85785.54597, "sa3_code16": "50102", "score": -0.2649833105963668},
{"median_age_persons": 39, "median_tot_prsnl_inc_weekly": 732, "population": 50070.07658, "sa3_code16": "50605", "score": -0.6841131312415525},
{"median_age_persons": 39, "median_tot_prsnl_inc_weekly": 766, "population": 24453.46635, "sa3_code16": "40106", "score": -0.7518401374317283},
{"median_age_persons": 39, "median_tot_prsnl_inc_weekly": 718, "population": 46917.07584, "sa3_code16": "60105", "score": -0.40633615667432105},
{"median_age_persons": 39, "median_tot_prsnl_inc_weekly": 629, "population": 79416.36456, "sa3_code16": "40302", "score": -0.24077846401220523},
{"median_age_persons": 40, "median_tot_prsnl_inc_weekly": 557, "population": 19944.45508, "sa3_code16": "10501", "score": -0.10450997377454502},
{"median_age_persons": 40, "median_tot_prsnl_inc_weekly": 617, "population": 58615.86178, "sa3_code16": "10503", "score": -0.035122038113330756},
{"median_age_persons": 40, "median_tot_prsnl_inc_weekly": 526, "population": 64534.33657, "sa3_code16": "10701", "score": -0.002914366917247224},
{"median_age_persons": 40, "median_tot_prsnl_inc_weekly": 634, "population": 52651.91557, "sa3_code16": "10901", "score": -0.6247428924044345},
{"median_age_persons": 40, "median_tot_prsnl_inc_weekly": 620, "population": 67700.72428, "sa3_code16": "11004", "score": -0.5811915582922904},
{"median_age_persons": 40, "median_tot_prsnl_inc_weekly": 762, "population": 21740.90452, "sa3_code16": "11503", "score": -0.5561320968861516},
{"median_age_persons": 40, "median_tot_prsnl_inc_weekly": 646, "population": 15982.52942, "sa3_code16": "20301", "score": -0.13564777894832852},
{"median_age_persons": 40, "median_tot_prsnl_inc_weekly": 658, "population": 56893.82779, "sa3_code16": "21104", "score": -0.6115114060474959},
{"median_age_persons": 40, "median_tot_prsnl_inc_weekly": 667, "population": 136602.569, "sa3_code16": "21105", "score": -0.13099456828061307},
{"median_age_persons": 40, "median_tot_prsnl_inc_weekly": 555, "population": 46441.63181, "sa3_code16": "21502", "score": 0.19611466659988785},
{"median_age_persons": 40, "median_tot_prsnl_inc_weekly": 644, "population": 47756.46754, "sa3_code16": "31601", "score": -0.21908372294497783},
{"median_age_persons": 40, "median_tot_prsnl_inc_weekly": 655, "population": 45154.51351, "sa3_code16": "51104", "score": -0.5479345315806214},
{"median_age_persons": 40, "median_tot_prsnl_inc_weekly": 552, "population": 46475.38702, "sa3_code16": "60103", "score": -0.42200330441062023},
{"median_age_persons": 40, "median_tot_prsnl_inc_weekly": 749, "population": 108599.9506, "sa3_code16": "20803", "score": -0.2529230651936476},
{"median_age_persons": 40, "median_tot_prsnl_inc_weekly": 860, "population": 39804.41034, "sa3_code16": "30402", "score": -0.658548067240392},
{"median_age_persons": 40, "median_tot_prsnl_inc_weekly": 721, "population": 56324.18885, "sa3_code16": "30901", "score": -0.03935055466048579},
{"median_age_persons": 40, "median_tot_prsnl_inc_weekly": 926, "population": 59871.38309, "sa3_code16": "50301", "score": -0.45193874131182277},
{"median_age_persons": 40, "median_tot_prsnl_inc_weekly": 776, "population": 135099.208, "sa3_code16": "50501", "score": -0.08911460020498184},
{"median_age_persons": 40, "median_tot_prsnl_inc_weekly": 672, "population": 38870.31534, "sa3_code16": "30910", "score": -0.1785759386779673},
{"median_age_persons": 40, "median_tot_prsnl_inc_weekly": 681, "population": 32027.84418, "sa3_code16": "40105", "score": -0.6110629704873025},
{"median_age_persons": 40, "median_tot_prsnl_inc_weekly": 607, "population": 29718.96286, "sa3_code16": "40201", "score": 0.18746025144540474},
{"median_age_persons": 40, "median_tot_prsnl_inc_weekly": 594, "population": 143939.7239, "sa3_code16": "40304", "score": -0.20273981513188072},
{"median_age_persons": 40, "median_tot_prsnl_inc_weekly": 682, "population": 13307.65368, "sa3_code16": "51101", "score": -0.7009378728387303},
{"median_age_persons": 40, "median_tot_prsnl_inc_weekly": 573, "population": 70521.55158, "sa3_code16": "60201", "score": -0.630733227972473},
{"median_age_persons": 40, "median_tot_prsnl_inc_weekly": 1376, "population": 24901.29703, "sa3_code16": "80106", "score": 0.11889057895995714},
{"median_age_persons": 40, "median_tot_prsnl_inc_weekly": 1044, "population": 31092.75793, "sa3_code16": "80109", "score": 0.2669178863283021},
{"median_age_persons": 41, "median_tot_prsnl_inc_weekly": 568, "population": 143538.3618, "sa3_code16": "10202", "score": 0.1637492408636695},
{"median_age_persons": 41, "median_tot_prsnl_inc_weekly": 604, "population": 77158.07559, "sa3_code16": "10703", "score": -0.3029837531476899},
{"median_age_persons": 41, "median_tot_prsnl_inc_weekly": 942, "population": 105922.9322, "sa3_code16": "12103", "score": -0.34002012786701874},
{"median_age_persons": 41, "median_tot_prsnl_inc_weekly": 839, "population": 100848.2566, "sa3_code16": "12801", "score": -0.4745161044590333},
{"median_age_persons": 41, "median_tot_prsnl_inc_weekly": 544, "population": 63798.53153, "sa3_code16": "20504", "score": 0.07403950258953862},
{"median_age_persons": 41, "median_tot_prsnl_inc_weekly": 618, "population": 43216.72783, "sa3_code16": "21704", "score": -0.4502144075338441},
{"median_age_persons": 41, "median_tot_prsnl_inc_weekly": 670, "population": 14980.24737, "sa3_code16": "31503", "score": -0.783235112998552},
{"median_age_persons": 41, "median_tot_prsnl_inc_weekly": 686, "population": 28006.66572, "sa3_code16": "60104", "score": -0.49139695779445935},
{"median_age_persons": 41, "median_tot_prsnl_inc_weekly": 776, "population": 59088.65079, "sa3_code16": "20903", "score": -0.8208497533284868},
{"median_age_persons": 41, "median_tot_prsnl_inc_weekly": 728, "population": 26495.01034, "sa3_code16": "21002", "score": -0.8491509290044379},
{"median_age_persons": 41, "median_tot_prsnl_inc_weekly": 589, "population": 35804.61536, "sa3_code16": "30702", "score": -0.30476283642233004},
{"median_age_persons": 41, "median_tot_prsnl_inc_weekly": 658, "population": 42335.62489, "sa3_code16": "50101", "score": -0.6111832722326976},
{"median_age_persons": 41, "median_tot_prsnl_inc_weekly": 791, "population": 33552.52923, "sa3_code16": "40107", "score": -0.2943156719258197},
{"median_age_persons": 41, "median_tot_prsnl_inc_weekly": 658, "population": 81304.19234, "sa3_code16": "40205", "score": -0.33684122026964686},
{"median_age_persons": 41, "median_tot_prsnl_inc_weekly": 611, "population": 96935.95867, "sa3_code16": "40401", "score": -0.5374244487807189},
{"median_age_persons": 41, "median_tot_prsnl_inc_weekly": 542, "population": 51549.15169, "sa3_code16": "40402", "score": -0.32556765294140644},
{"median_age_persons": 41, "median_tot_prsnl_inc_weekly": 757, "population": 90692.75287, "sa3_code16": "50704", "score": -0.013461592186019479},
{"median_age_persons": 41, "median_tot_prsnl_inc_weekly": 589, "population": 44746.93383, "sa3_code16": "40104", "score": -0.17437923890848692},
{"median_age_persons": 41, "median_tot_prsnl_inc_weekly": 713, "population": 1411.158475, "sa3_code16": "80103", "score": -0.03290950329703615},
{"median_age_persons": 41, "median_tot_prsnl_inc_weekly": 1020, "population": 19785.44454, "sa3_code16": "80108", "score": -0.6502114708450761},
{"median_age_persons": 42, "median_tot_prsnl_inc_weekly": 624, "population": 103897.0251, "sa3_code16": "11101", "score": -0.2463799621085313},
{"median_age_persons": 42, "median_tot_prsnl_inc_weekly": 636, "population": 60678.13485, "sa3_code16": "20403", "score": 0.05459766535879798},
{"median_age_persons": 42, "median_tot_prsnl_inc_weekly": 585, "population": 42030.72047, "sa3_code16": "20501", "score": -0.3914143524396019},
{"median_age_persons": 42, "median_tot_prsnl_inc_weekly": 589, "population": 37163.74105, "sa3_code16": "31607", "score": 0.07057044109350191},
{"median_age_persons": 42, "median_tot_prsnl_inc_weekly": 672, "population": 46273.80579, "sa3_code16": "60102", "score": -0.7094475673971843},
{"median_age_persons": 42, "median_tot_prsnl_inc_weekly": 655, "population": 55216.21918, "sa3_code16": "21001", "score": -0.5897278242936674},
{"median_age_persons": 42, "median_tot_prsnl_inc_weekly": 576, "population": 48301.73784, "sa3_code16": "40601", "score": -0.5062688306034606},
{"median_age_persons": 42, "median_tot_prsnl_inc_weekly": 648, "population": 47856.61899, "sa3_code16": "30902", "score": 0.02712176563942778},
{"median_age_persons": 42, "median_tot_prsnl_inc_weekly": 607, "population": 55378.84372, "sa3_code16": "40702", "score": -0.5444367406043997},
{"median_age_persons": 42, "median_tot_prsnl_inc_weekly": 682, "population": 37306.93336, "sa3_code16": "50402", "score": -0.10535061705752688},
{"median_age_persons": 42, "median_tot_prsnl_inc_weekly": 538, "population": 55905.02638, "sa3_code16": "31002", "score": -0.6476987909479743},
{"median_age_persons": 42, "median_tot_prsnl_inc_weekly": 524, "population": 12421.41022, "sa3_code16": "31101", "score": -0.33113176254237875},
{"median_age_persons": 42, "median_tot_prsnl_inc_weekly": 568, "population": 12285.90362, "sa3_code16": "31303", "score": 0.22057754009508562},
{"median_age_persons": 42, "median_tot_prsnl_inc_weekly": 810, "population": 33706.39916, "sa3_code16": "50702", "score": -0.3758157884895732},
{"median_age_persons": 42, "median_tot_prsnl_inc_weekly": 709, "population": 61144.5161, "sa3_code16": "40102", "score": -0.32751071187719466},
{"median_age_persons": 42, "median_tot_prsnl_inc_weekly": 713, "population": 55640.05416, "sa3_code16": "40303", "score": -0.15113526759612483},
{"median_age_persons": 43, "median_tot_prsnl_inc_weekly": 618, "population": 30736.21106, "sa3_code16": "10105", "score": -0.47344883022987017},
{"median_age_persons": 43, "median_tot_prsnl_inc_weekly": 662, "population": 30176.83729, "sa3_code16": "10106", "score": -0.35524270119872337},
{"median_age_persons": 43, "median_tot_prsnl_inc_weekly": 632, "population": 154077.0388, "sa3_code16": "10201", "score": -0.352330707178521},
{"median_age_persons": 43, "median_tot_prsnl_inc_weekly": 582, "population": 64953.54771, "sa3_code16": "11102", "score": -0.4300154216795334},
{"median_age_persons": 43, "median_tot_prsnl_inc_weekly": 748, "population": 23758.86367, "sa3_code16": "11502", "score": -0.67461321015283},
{"median_age_persons": 43, "median_tot_prsnl_inc_weekly": 563, "population": 37596.76782, "sa3_code16": "20505", "score": -0.28884517069701343},
{"median_age_persons": 43, "median_tot_prsnl_inc_weekly": 735, "population": 24167.66726, "sa3_code16": "21102", "score": -0.3890808145551888},
{"median_age_persons": 43, "median_tot_prsnl_inc_weekly": 658, "population": 75504.22869, "sa3_code16": "30102", "score": -0.785776182342619},
{"median_age_persons": 43, "median_tot_prsnl_inc_weekly": 552, "population": 37180.64786, "sa3_code16": "31801", "score": -0.33994431196634584},
{"median_age_persons": 43, "median_tot_prsnl_inc_weekly": 604, "population": 87026.84847, "sa3_code16": "20702", "score": 0.09475643426318825},
{"median_age_persons": 43, "median_tot_prsnl_inc_weekly": 635, "population": 30249.83818, "sa3_code16": "40501", "score": -0.7214236962069565},
{"median_age_persons": 43, "median_tot_prsnl_inc_weekly": 540, "population": 29833.25726, "sa3_code16": "30603", "score": -0.2266148045200163},
{"median_age_persons": 43, "median_tot_prsnl_inc_weekly": 677, "population": 10296.61933, "sa3_code16": "30604", "score": -0.16473144737678827},
{"median_age_persons": 43, "median_tot_prsnl_inc_weekly": 553, "population": 86188.528, "sa3_code16": "50201", "score": -0.08545222092814614},
{"median_age_persons": 43, "median_tot_prsnl_inc_weekly": 595, "population": 14015.32347, "sa3_code16": "60106", "score": 0.009658417686983056},
{"median_age_persons": 43, "median_tot_prsnl_inc_weekly": 550, "population": 14652.65805, "sa3_code16": "60403", "score": -0.5758821512414725},
{"median_age_persons": 44, "median_tot_prsnl_inc_weekly": 669, "population": 16786.19352, "sa3_code16": "10103", "score": -0.5324111407680359},
{"median_age_persons": 44, "median_tot_prsnl_inc_weekly": 543, "population": 46889.84499, "sa3_code16": "10302", "score": 0.144625023264835},
{"median_age_persons": 44, "median_tot_prsnl_inc_weekly": 529, "population": 40406.9176, "sa3_code16": "10303", "score": -0.4087544122188065},
{"median_age_persons": 44, "median_tot_prsnl_inc_weekly": 557, "population": 74282.9387, "sa3_code16": "10402", "score": 0.2728852414551609},
{"median_age_persons": 44, "median_tot_prsnl_inc_weekly": 524, "population": 17630.1986299999, "sa3_code16": "10502", "score": 0.2291136121813091},
{"median_age_persons": 44, "median_tot_prsnl_inc_weekly": 762, "population": 335.1281382, "sa3_code16": "10803", "score": -0.8172992417729312},
{"median_age_persons": 44, "median_tot_prsnl_inc_weekly": 576, "population": 10705.42735, "sa3_code16": "10902", "score": -0.5156642934840601},
{"median_age_persons": 44, "median_tot_prsnl_inc_weekly": 516, "population": 60481.24689, "sa3_code16": "11202", "score": -0.5289748810379042},
{"median_age_persons": 44, "median_tot_prsnl_inc_weekly": 874, "population": 54107.73365, "sa3_code16": "12202", "score": -0.06395121529110216},
{"median_age_persons": 44, "median_tot_prsnl_inc_weekly": 689, "population": 69600.67389, "sa3_code16": "12401", "score": -0.45029921665964306},
{"median_age_persons": 44, "median_tot_prsnl_inc_weekly": 662, "population": 61828.23548, "sa3_code16": "20303", "score": 0.0609471435165764},
{"median_age_persons": 44, "median_tot_prsnl_inc_weekly": 607, "population": 71782.04566, "sa3_code16": "31602", "score": -0.2401065714161591},
{"median_age_persons": 44, "median_tot_prsnl_inc_weekly": 650, "population": 51682.18379, "sa3_code16": "31603", "score": 0.056498908245989576},
{"median_age_persons": 44, "median_tot_prsnl_inc_weekly": 897, "population": 89518.72726, "sa3_code16": "20801", "score": -0.7039333848907517},
{"median_age_persons": 44, "median_tot_prsnl_inc_weekly": 604, "population": 60932.61958, "sa3_code16": "30903", "score": 0.09471266997792355},
{"median_age_persons": 44, "median_tot_prsnl_inc_weekly": 613, "population": 50431.32978, "sa3_code16": "50901", "score": -0.5333568329823574},
{"median_age_persons": 44, "median_tot_prsnl_inc_weekly": 672, "population": 16906.80058, "sa3_code16": "50903", "score": -0.7399576878999657},
{"median_age_persons": 44, "median_tot_prsnl_inc_weekly": 807, "population": 38439.97682, "sa3_code16": "40103", "score": -0.9097261224997032},
{"median_age_persons": 44, "median_tot_prsnl_inc_weekly": 515, "population": 41288.43263, "sa3_code16": "60401", "score": -0.3018254018647072},
{"median_age_persons": 45, "median_tot_prsnl_inc_weekly": 563, "population": 62037.88717, "sa3_code16": "10603", "score": 0.05606227912282369},
{"median_age_persons": 45, "median_tot_prsnl_inc_weekly": 577, "population": 12280.90017, "sa3_code16": "11302", "score": 0.09244662971891965},
{"median_age_persons": 45, "median_tot_prsnl_inc_weekly": 531, "population": 32711.02709, "sa3_code16": "21503", "score": -0.47974178119480976},
{"median_age_persons": 45, "median_tot_prsnl_inc_weekly": 562, "population": 32448.55128, "sa3_code16": "21601", "score": -0.07651082281604521},
{"median_age_persons": 45, "median_tot_prsnl_inc_weekly": 562, "population": 32143.8534, "sa3_code16": "21703", "score": -0.2168261161653517},
{"median_age_persons": 45, "median_tot_prsnl_inc_weekly": 572, "population": 43873.86052, "sa3_code16": "31606", "score": -0.3547769619201175},
{"median_age_persons": 45, "median_tot_prsnl_inc_weekly": 495, "population": 78214.84203, "sa3_code16": "31901", "score": -0.2864413517780354},
{"median_age_persons": 45, "median_tot_prsnl_inc_weekly": 471, "population": 43081.25911, "sa3_code16": "31902", "score": 0.2204564028375694},
{"median_age_persons": 45, "median_tot_prsnl_inc_weekly": 528, "population": 35559.3153, "sa3_code16": "30605", "score": -0.5195419445846481},
{"median_age_persons": 45, "median_tot_prsnl_inc_weekly": 510, "population": 35081.79587, "sa3_code16": "30703", "score": -0.5064007389334737},
{"median_age_persons": 45, "median_tot_prsnl_inc_weekly": 639, "population": 16295.4982, "sa3_code16": "30904", "score": -0.12963697133322485},
{"median_age_persons": 45, "median_tot_prsnl_inc_weekly": 523, "population": 60771.979, "sa3_code16": "40703", "score": -0.2608005419133829},
{"median_age_persons": 45, "median_tot_prsnl_inc_weekly": 595, "population": 55350.18369, "sa3_code16": "31305", "score": -0.5929848386054934},
{"median_age_persons": 45, "median_tot_prsnl_inc_weekly": 617, "population": 47662.13572, "sa3_code16": "50902", "score": -0.5615005717566521},
{"median_age_persons": 45, "median_tot_prsnl_inc_weekly": 509, "population": 9615.853751, "sa3_code16": "60301", "score": -0.027450896514248202},
{"median_age_persons": 45, "median_tot_prsnl_inc_weekly": 522, "population": 38481.239, "sa3_code16": "60402", "score": -0.27098871466774865},
{"median_age_persons": 46, "median_tot_prsnl_inc_weekly": 482, "population": 33361.20111, "sa3_code16": "11002", "score": 0.16297666805635658},
{"median_age_persons": 46, "median_tot_prsnl_inc_weekly": 592, "population": 68271.12762, "sa3_code16": "11201", "score": -0.39117777270399395},
{"median_age_persons": 46, "median_tot_prsnl_inc_weekly": 590, "population": 41544.76849, "sa3_code16": "20202", "score": -0.3107198088346968},
{"median_age_persons": 46, "median_tot_prsnl_inc_weekly": 570, "population": 47637.59581, "sa3_code16": "20401", "score": -0.2343810673960539},
{"median_age_persons": 46, "median_tot_prsnl_inc_weekly": 578, "population": 40536.76701, "sa3_code16": "20402", "score": -0.5889847794822954},
{"median_age_persons": 46, "median_tot_prsnl_inc_weekly": 630, "population": 145939.2076, "sa3_code16": "21402", "score": -0.0059408384707218265},
{"median_age_persons": 46, "median_tot_prsnl_inc_weekly": 556, "population": 51935.17941, "sa3_code16": "21501", "score": 0.23431288144205864},
{"median_age_persons": 46, "median_tot_prsnl_inc_weekly": 630, "population": 36607.70446, "sa3_code16": "31605", "score": -0.3279649882792427},
{"median_age_persons": 46, "median_tot_prsnl_inc_weekly": 479, "population": 43624.3395, "sa3_code16": "31903", "score": -0.47912779159749785},
{"median_age_persons": 46, "median_tot_prsnl_inc_weekly": 484, "population": 24061.62381, "sa3_code16": "40503", "score": -0.5663097829247232},
{"median_age_persons": 46, "median_tot_prsnl_inc_weekly": 751, "population": 30544.78227, "sa3_code16": "40301", "score": -0.06554768599918474},
{"median_age_persons": 47, "median_tot_prsnl_inc_weekly": 539, "population": 80185.75723, "sa3_code16": "11203", "score": -0.40226265185422627},
{"median_age_persons": 47, "median_tot_prsnl_inc_weekly": 645, "population": 41722.99913, "sa3_code16": "11402", "score": -0.031925240978317615},
{"median_age_persons": 47, "median_tot_prsnl_inc_weekly": 561, "population": 24724.14746, "sa3_code16": "20102", "score": 0.08491215614812009},
{"median_age_persons": 47, "median_tot_prsnl_inc_weekly": 524, "population": 25636.95013, "sa3_code16": "21602", "score": 0.025087735820765844},
{"median_age_persons": 47, "median_tot_prsnl_inc_weekly": 556, "population": 31419.55161, "sa3_code16": "21701", "score": -0.4293758930076279},
{"median_age_persons": 47, "median_tot_prsnl_inc_weekly": 560, "population": 19193.3398, "sa3_code16": "31608", "score": -0.596115240676725},
{"median_age_persons": 47, "median_tot_prsnl_inc_weekly": 550, "population": 19404.75692, "sa3_code16": "40502", "score": -0.24521684614596606},
{"median_age_persons": 47, "median_tot_prsnl_inc_weekly": 566, "population": 19475.41006, "sa3_code16": "50103", "score": -0.07969950997234876},
{"median_age_persons": 47, "median_tot_prsnl_inc_weekly": 495, "population": 19493.71015, "sa3_code16": "60202", "score": -0.01544489387374165},
{"median_age_persons": 47, "median_tot_prsnl_inc_weekly": 502, "population": 16566.67233, "sa3_code16": "60302", "score": -0.346377008842927},
{"median_age_persons": 48, "median_tot_prsnl_inc_weekly": 540, "population": 68940.79231, "sa3_code16": "10804", "score": 0.3673683124183948},
{"median_age_persons": 48, "median_tot_prsnl_inc_weekly": 561, "population": 36406.72654, "sa3_code16": "10903", "score": 0.11875058526022059},
{"median_age_persons": 48, "median_tot_prsnl_inc_weekly": 511, "population": 88041.00268, "sa3_code16": "11401", "score": -0.0542221116349203},
{"median_age_persons": 48, "median_tot_prsnl_inc_weekly": 519, "population": 54205.72698, "sa3_code16": "20503", "score": 0.00597629810473066},
{"median_age_persons": 48, "median_tot_prsnl_inc_weekly": 477, "population": 51221.0842399999, "sa3_code16": "31904", "score": 0.09521414463126276},
{"median_age_persons": 48, "median_tot_prsnl_inc_weekly": 457, "population": 40295.30166, "sa3_code16": "31905", "score": 0.44159567911827086},
{"median_age_persons": 48, "median_tot_prsnl_inc_weekly": 491, "population": 32427.33817, "sa3_code16": "60203", "score": -0.21062740560440707},
{"median_age_persons": 49, "median_tot_prsnl_inc_weekly": 478, "population": 44237.17092, "sa3_code16": "10401", "score": 0.2792890751292848},
{"median_age_persons": 49, "median_tot_prsnl_inc_weekly": 471, "population": 41798.18834, "sa3_code16": "10802", "score": 0.37543305033296315},
{"median_age_persons": 49, "median_tot_prsnl_inc_weekly": 476, "population": 47354.41447, "sa3_code16": "10805", "score": 0.4162089577777898},
{"median_age_persons": 49, "median_tot_prsnl_inc_weekly": 464, "population": 22461.8712999999, "sa3_code16": "20103", "score": 0.27517116895494254},
{"median_age_persons": 49, "median_tot_prsnl_inc_weekly": 487, "population": 10038.19135, "sa3_code16": "20203", "score": 0.13510378994047606},
{"median_age_persons": 50, "median_tot_prsnl_inc_weekly": 505, "population": 40262.97602, "sa3_code16": "20502", "score": -0.28463462252333},
{"median_age_persons": 52, "median_tot_prsnl_inc_weekly": 524, "population": 62996.76962, "sa3_code16": "10104", "score": 0.1168937664265906},
{"median_age_persons": 53, "median_tot_prsnl_inc_weekly": 480, "population": 22513.99445, "sa3_code16": "40504", "score": -0.3647690472491977},
{"median_age_persons": 53, "median_tot_prsnl_inc_weekly": 504, "population": 45364.75616, "sa3_code16": "40701", "score": -0.526551132351591},
{"median_age_persons": 54, "median_tot_prsnl_inc_weekly": 476, "population": 28109.59733, "sa3_code16": "10801", "score": -0.13253446651634643},
{"median_age_persons": 55, "median_tot_prsnl_inc_weekly": 489, "population": 31810.66584, "sa3_code16": "31301", "score": -0.44304587362352116},
{"median_age_persons": 56, "median_tot_prsnl_inc_weekly": 486, "population": 6097.340218, "sa3_code16": "60303", "score": 0.26479791127751595},
{"median_age_persons": 60, "median_tot_prsnl_inc_weekly": 0, "population": 6.608627997, "sa3_code16": "12402", "score": 0.1418459165115512},
{"median_age_persons": 67, "median_tot_prsnl_inc_weekly": 374, "population": 0, "sa3_code16": "10702", "score": -0.28592743913762775}]
