[{"all_sexual_offences":173,"lga_code":40070},
{"all_sexual_offences":4,"lga_code":41010},
{"all_sexual_offences":147,"lga_code":41060},
{"all_sexual_offences":17,"lga_code":41140},
{"all_sexual_offences":0,"lga_code":41190},
{"all_sexual_offences":7,"lga_code":41330},
{"all_sexual_offences":13,"lga_code":41560},
{"all_sexual_offences":1,"lga_code":41750},
{"all_sexual_offences":2,"lga_code":41830},
{"all_sexual_offences":0,"lga_code":41960},
{"all_sexual_offences":21,"lga_code":42030},
{"all_sexual_offences":18,"lga_code":40120},
{"all_sexual_offences":5,"lga_code":42110},
{"all_sexual_offences":11,"lga_code":42250},
{"all_sexual_offences":34,"lga_code":42600},
{"all_sexual_offences":4,"lga_code":42750},
{"all_sexual_offences":0,"lga_code":43080},
{"all_sexual_offences":1,"lga_code":43220},
{"all_sexual_offences":1,"lga_code":43360},
{"all_sexual_offences":11,"lga_code":43650},
{"all_sexual_offences":1,"lga_code":43710},
{"all_sexual_offences":5,"lga_code":43790},
{"all_sexual_offences":20,"lga_code":40220},
{"all_sexual_offences":3,"lga_code":43920},
{"all_sexual_offences":89,"lga_code":44060},
{"all_sexual_offences":8,"lga_code":44210},
{"all_sexual_offences":38,"lga_code":44340},
{"all_sexual_offences":32,"lga_code":44550},
{"all_sexual_offences":32,"lga_code":44620},
{"all_sexual_offences":1,"lga_code":44830},
{"all_sexual_offences":40,"lga_code":45040},
{"all_sexual_offences":4,"lga_code":45090},
{"all_sexual_offences":2,"lga_code":45120},
{"all_sexual_offences":38,"lga_code":40250},
{"all_sexual_offences":35,"lga_code":45290},
{"all_sexual_offences":187,"lga_code":45340},
{"all_sexual_offences":0,"lga_code":45400},
{"all_sexual_offences":0,"lga_code":45540},
{"all_sexual_offences":165,"lga_code":45680},
{"all_sexual_offences":188,"lga_code":45890},
{"all_sexual_offences":36,"lga_code":46090},
{"all_sexual_offences":15,"lga_code":46300},
{"all_sexual_offences":18,"lga_code":46450},
{"all_sexual_offences":22,"lga_code":46510},
{"all_sexual_offences":15,"lga_code":40310},
{"all_sexual_offences":11,"lga_code":46670},
{"all_sexual_offences":0,"lga_code":46860},
{"all_sexual_offences":2,"lga_code":46970},
{"all_sexual_offences":141,"lga_code":47140},
{"all_sexual_offences":0,"lga_code":47290},
{"all_sexual_offences":1,"lga_code":47490},
{"all_sexual_offences":9,"lga_code":47630},
{"all_sexual_offences":73,"lga_code":47700},
{"all_sexual_offences":18,"lga_code":47800},
{"all_sexual_offences":2,"lga_code":47910},
{"all_sexual_offences":1,"lga_code":40430},
{"all_sexual_offences":34,"lga_code":47980},
{"all_sexual_offences":13,"lga_code":48050},
{"all_sexual_offences":7,"lga_code":48130},
{"all_sexual_offences":6,"lga_code":48260},
{"all_sexual_offences":13,"lga_code":48340},
{"all_sexual_offences":49,"lga_code":48410},
{"all_sexual_offences":37,"lga_code":48540},
{"all_sexual_offences":4,"lga_code":48750},
{"all_sexual_offences":14,"lga_code":48830},
{"all_sexual_offences":6,"lga_code":40520},
{"all_sexual_offences":4,"lga_code":49399},
{"all_sexual_offences":19,"lga_code":40700},
{"all_sexual_offences":43,"lga_code":40910},
{"all_sexual_offences":291,"lga_code":10050},
{"all_sexual_offences":196,"lga_code":10130},
{"all_sexual_offences":106,"lga_code":10250},
{"all_sexual_offences":4,"lga_code":10300},
{"all_sexual_offences":241,"lga_code":10470},
{"all_sexual_offences":551,"lga_code":10500},
{"all_sexual_offences":103,"lga_code":10550},
{"all_sexual_offences":39,"lga_code":10600},
{"all_sexual_offences":15,"lga_code":10650},
{"all_sexual_offences":2040,"lga_code":10750},
{"all_sexual_offences":23,"lga_code":10800},
{"all_sexual_offences":40,"lga_code":10850},
{"all_sexual_offences":224,"lga_code":10900},
{"all_sexual_offences":28,"lga_code":10950},
{"all_sexual_offences":94,"lga_code":11150},
{"all_sexual_offences":40,"lga_code":11200},
{"all_sexual_offences":201,"lga_code":11250},
{"all_sexual_offences":387,"lga_code":14170},
{"all_sexual_offences":108,"lga_code":14200},
{"all_sexual_offences":13,"lga_code":14300},
{"all_sexual_offences":223,"lga_code":14350},
{"all_sexual_offences":32,"lga_code":14400},
{"all_sexual_offences":71,"lga_code":14500},
{"all_sexual_offences":51,"lga_code":14550},
{"all_sexual_offences":46,"lga_code":14600},
{"all_sexual_offences":744,"lga_code":14650},
{"all_sexual_offences":36,"lga_code":14700},
{"all_sexual_offences":78,"lga_code":14750},
{"all_sexual_offences":190,"lga_code":14850},
{"all_sexual_offences":85,"lga_code":14870},
{"all_sexual_offences":883,"lga_code":14900},
{"all_sexual_offences":38,"lga_code":14920},
{"all_sexual_offences":10,"lga_code":14950},
{"all_sexual_offences":486,"lga_code":15050},
{"all_sexual_offences":417,"lga_code":15240},
{"all_sexual_offences":122,"lga_code":15270},
{"all_sexual_offences":196,"lga_code":15300},
{"all_sexual_offences":51,"lga_code":15350},
{"all_sexual_offences":14,"lga_code":15520},
{"all_sexual_offences":26,"lga_code":15560},
{"all_sexual_offences":89,"lga_code":15650},
{"all_sexual_offences":106,"lga_code":15700},
{"all_sexual_offences":81,"lga_code":15750},
{"all_sexual_offences":35,"lga_code":15800},
{"all_sexual_offences":69,"lga_code":15850},
{"all_sexual_offences":654,"lga_code":15900},
{"all_sexual_offences":129,"lga_code":15950},
{"all_sexual_offences":384,"lga_code":15990},
{"all_sexual_offences":25,"lga_code":16100},
{"all_sexual_offences":255,"lga_code":16150},
{"all_sexual_offences":80,"lga_code":16200},
{"all_sexual_offences":702,"lga_code":16260},
{"all_sexual_offences":13,"lga_code":13850},
{"all_sexual_offences":109,"lga_code":13910},
{"all_sexual_offences":141,"lga_code":14000},
{"all_sexual_offences":20,"lga_code":14100},
{"all_sexual_offences":1171,"lga_code":16350},
{"all_sexual_offences":70,"lga_code":11300},
{"all_sexual_offences":100,"lga_code":11350},
{"all_sexual_offences":30,"lga_code":11400},
{"all_sexual_offences":340,"lga_code":11450},
{"all_sexual_offences":841,"lga_code":11500},
{"all_sexual_offences":110,"lga_code":11520},
{"all_sexual_offences":1109,"lga_code":11570},
{"all_sexual_offences":7,"lga_code":11600},
{"all_sexual_offences":1693,"lga_code":11650},
{"all_sexual_offences":82,"lga_code":11700},
{"all_sexual_offences":346,"lga_code":11720},
{"all_sexual_offences":236,"lga_code":11730},
{"all_sexual_offences":28,"lga_code":11750},
{"all_sexual_offences":503,"lga_code":11800},
{"all_sexual_offences":10,"lga_code":12000},
{"all_sexual_offences":55,"lga_code":12150},
{"all_sexual_offences":209,"lga_code":17420},
{"all_sexual_offences":58,"lga_code":12160},
{"all_sexual_offences":62,"lga_code":12350},
{"all_sexual_offences":862,"lga_code":12380},
{"all_sexual_offences":413,"lga_code":12390},
{"all_sexual_offences":30,"lga_code":12700},
{"all_sexual_offences":44,"lga_code":12730},
{"all_sexual_offences":166,"lga_code":12750},
{"all_sexual_offences":714,"lga_code":12850},
{"all_sexual_offences":27,"lga_code":12870},
{"all_sexual_offences":54,"lga_code":12900},
{"all_sexual_offences":375,"lga_code":12930},
{"all_sexual_offences":30,"lga_code":12950},
{"all_sexual_offences":68,"lga_code":13010},
{"all_sexual_offences":128,"lga_code":13310},
{"all_sexual_offences":21,"lga_code":13340},
{"all_sexual_offences":203,"lga_code":13450},
{"all_sexual_offences":64,"lga_code":13550},
{"all_sexual_offences":19,"lga_code":13660},
{"all_sexual_offences":269,"lga_code":13800},
{"all_sexual_offences":239,"lga_code":16380},
{"all_sexual_offences":358,"lga_code":16400},
{"all_sexual_offences":134,"lga_code":16490},
{"all_sexual_offences":328,"lga_code":16550},
{"all_sexual_offences":122,"lga_code":16610},
{"all_sexual_offences":228,"lga_code":16700},
{"all_sexual_offences":224,"lga_code":16900},
{"all_sexual_offences":348,"lga_code":16950},
{"all_sexual_offences":113,"lga_code":17000},
{"all_sexual_offences":53,"lga_code":17040},
{"all_sexual_offences":66,"lga_code":17080},
{"all_sexual_offences":296,"lga_code":17550},
{"all_sexual_offences":36,"lga_code":17620},
{"all_sexual_offences":8,"lga_code":17640},
{"all_sexual_offences":29,"lga_code":17650},
{"all_sexual_offences":396,"lga_code":17750},
{"all_sexual_offences":7,"lga_code":17850},
{"all_sexual_offences":156,"lga_code":17900},
{"all_sexual_offences":31,"lga_code":17950},
{"all_sexual_offences":52,"lga_code":18020},
{"all_sexual_offences":150,"lga_code":18050},
{"all_sexual_offences":7,"lga_code":18100},
{"all_sexual_offences":85,"lga_code":18200},
{"all_sexual_offences":107,"lga_code":18250},
{"all_sexual_offences":81,"lga_code":18350},
{"all_sexual_offences":189,"lga_code":18400},
{"all_sexual_offences":644,"lga_code":18450},
{"all_sexual_offences":94,"lga_code":18500},
{"all_sexual_offences":32,"lga_code":18710},
{"all_sexual_offences":1,"lga_code":19399},
{"all_sexual_offences":156,"lga_code":17100},
{"all_sexual_offences":479,"lga_code":17150},
{"all_sexual_offences":1004,"lga_code":17200},
{"all_sexual_offences":342,"lga_code":17310},
{"all_sexual_offences":19,"lga_code":17350},
{"all_sexual_offences":36,"lga_code":17400},
{"all_sexual_offences":498,"lga_code":20570},
{"all_sexual_offences":249,"lga_code":20660},
{"all_sexual_offences":105,"lga_code":20740},
{"all_sexual_offences":206,"lga_code":20830},
{"all_sexual_offences":211,"lga_code":20910},
{"all_sexual_offences":108,"lga_code":21010},
{"all_sexual_offences":188,"lga_code":21110},
{"all_sexual_offences":28,"lga_code":20110},
{"all_sexual_offences":50,"lga_code":20260},
{"all_sexual_offences":370,"lga_code":21180},
{"all_sexual_offences":21,"lga_code":21270},
{"all_sexual_offences":170,"lga_code":21370},
{"all_sexual_offences":215,"lga_code":21450},
{"all_sexual_offences":756,"lga_code":21610},
{"all_sexual_offences":58,"lga_code":21670},
{"all_sexual_offences":62,"lga_code":21750},
{"all_sexual_offences":72,"lga_code":21830},
{"all_sexual_offences":257,"lga_code":21890},
{"all_sexual_offences":116,"lga_code":22110},
{"all_sexual_offences":371,"lga_code":22170},
{"all_sexual_offences":13,"lga_code":22250},
{"all_sexual_offences":276,"lga_code":22830},
{"all_sexual_offences":30,"lga_code":22910},
{"all_sexual_offences":26,"lga_code":22980},
{"all_sexual_offences":123,"lga_code":23110},
{"all_sexual_offences":79,"lga_code":23190},
{"all_sexual_offences":463,"lga_code":23270},
{"all_sexual_offences":40,"lga_code":23350},
{"all_sexual_offences":275,"lga_code":23430},
{"all_sexual_offences":288,"lga_code":23670},
{"all_sexual_offences":538,"lga_code":23810},
{"all_sexual_offences":36,"lga_code":23940},
{"all_sexual_offences":117,"lga_code":24130},
{"all_sexual_offences":103,"lga_code":24210},
{"all_sexual_offences":20,"lga_code":24250},
{"all_sexual_offences":130,"lga_code":24330},
{"all_sexual_offences":172,"lga_code":24410},
{"all_sexual_offences":724,"lga_code":24600},
{"all_sexual_offences":260,"lga_code":24650},
{"all_sexual_offences":118,"lga_code":24780},
{"all_sexual_offences":186,"lga_code":24850},
{"all_sexual_offences":166,"lga_code":24900},
{"all_sexual_offences":215,"lga_code":24970},
{"all_sexual_offences":145,"lga_code":25060},
{"all_sexual_offences":85,"lga_code":25150},
{"all_sexual_offences":275,"lga_code":25250},
{"all_sexual_offences":300,"lga_code":25340},
{"all_sexual_offences":37,"lga_code":25430},
{"all_sexual_offences":100,"lga_code":25490},
{"all_sexual_offences":85,"lga_code":25620},
{"all_sexual_offences":86,"lga_code":25710},
{"all_sexual_offences":52,"lga_code":25810},
{"all_sexual_offences":245,"lga_code":25900},
{"all_sexual_offences":26,"lga_code":25990},
{"all_sexual_offences":2,"lga_code":26080},
{"all_sexual_offences":118,"lga_code":26170},
{"all_sexual_offences":45,"lga_code":26260},
{"all_sexual_offences":180,"lga_code":26350},
{"all_sexual_offences":50,"lga_code":26430},
{"all_sexual_offences":35,"lga_code":26490},
{"all_sexual_offences":50,"lga_code":26610},
{"all_sexual_offences":15,"lga_code":26670},
{"all_sexual_offences":61,"lga_code":26700},
{"all_sexual_offences":123,"lga_code":26730},
{"all_sexual_offences":273,"lga_code":26810},
{"all_sexual_offences":21,"lga_code":26890},
{"all_sexual_offences":253,"lga_code":26980},
{"all_sexual_offences":270,"lga_code":27070},
{"all_sexual_offences":124,"lga_code":27170},
{"all_sexual_offences":298,"lga_code":27260},
{"all_sexual_offences":171,"lga_code":27350},
{"all_sexual_offences":494,"lga_code":27450},
{"all_sexual_offences":50,"lga_code":27630},
{"all_sexual_offences":77,"lga_code":22410},
{"all_sexual_offences":219,"lga_code":22310},
{"all_sexual_offences":39,"lga_code":22490},
{"all_sexual_offences":381,"lga_code":22620},
{"all_sexual_offences":443,"lga_code":22670},
{"all_sexual_offences":739,"lga_code":22750}]