[{"SA3_CODE":10102,"population":48659.54765},
{"SA3_CODE":10103,"population":16786.19352},
{"SA3_CODE":10104,"population":62996.76962},
{"SA3_CODE":10105,"population":30736.21106},
{"SA3_CODE":10106,"population":30176.83729},
{"SA3_CODE":10201,"population":154077.0388},
{"SA3_CODE":10202,"population":143538.3618},
{"SA3_CODE":10301,"population":39996.08325},
{"SA3_CODE":10302,"population":46889.84499},
{"SA3_CODE":10303,"population":40406.9176},
{"SA3_CODE":10304,"population":47796.731},
{"SA3_CODE":10401,"population":44237.17092},
{"SA3_CODE":10402,"population":74282.9387},
{"SA3_CODE":10501,"population":19944.45508},
{"SA3_CODE":10502,"population":17630.1986299999},
{"SA3_CODE":10503,"population":58615.86178},
{"SA3_CODE":10601,"population":73863.20642},
{"SA3_CODE":10602,"population":61605.74509},
{"SA3_CODE":10603,"population":62037.88717},
{"SA3_CODE":10604,"population":24930.60688},
{"SA3_CODE":10701,"population":64534.33657},
{"SA3_CODE":10702,"population":0},
{"SA3_CODE":10703,"population":77158.07559},
{"SA3_CODE":10704,"population":112515.3989},
{"SA3_CODE":10801,"population":28109.59733},
{"SA3_CODE":10802,"population":41798.18834},
{"SA3_CODE":10803,"population":335.1281382},
{"SA3_CODE":10804,"population":68940.79231},
{"SA3_CODE":10805,"population":47354.41447},
{"SA3_CODE":10901,"population":52651.91557},
{"SA3_CODE":10902,"population":10705.42735},
{"SA3_CODE":10903,"population":36406.72654},
{"SA3_CODE":11001,"population":32134.00091},
{"SA3_CODE":11002,"population":33361.20111},
{"SA3_CODE":11003,"population":21087.94919},
{"SA3_CODE":11004,"population":67700.72428},
{"SA3_CODE":11101,"population":103897.0251},
{"SA3_CODE":11102,"population":64953.54771},
{"SA3_CODE":11103,"population":144331.2989},
{"SA3_CODE":11201,"population":68271.12762},
{"SA3_CODE":11202,"population":60481.24689},
{"SA3_CODE":11203,"population":80185.75723},
{"SA3_CODE":11301,"population":40386.95811},
{"SA3_CODE":11302,"population":12280.90017},
{"SA3_CODE":11303,"population":79548.93066},
{"SA3_CODE":11401,"population":88041.00268},
{"SA3_CODE":11402,"population":41722.99913},
{"SA3_CODE":11501,"population":127940.0915},
{"SA3_CODE":11502,"population":23758.86367},
{"SA3_CODE":11503,"population":21740.90452},
{"SA3_CODE":11504,"population":28052.4991},
{"SA3_CODE":11601,"population":120100.7362},
{"SA3_CODE":11602,"population":78243.15934},
{"SA3_CODE":11603,"population":95257.83422},
{"SA3_CODE":11701,"population":43280.37609},
{"SA3_CODE":11702,"population":52195.69372},
{"SA3_CODE":11703,"population":222939.3642},
{"SA3_CODE":11801,"population":118296.1798},
{"SA3_CODE":11802,"population":133882.6101},
{"SA3_CODE":11901,"population":150768.7887},
{"SA3_CODE":11902,"population":120617.4864},
{"SA3_CODE":11903,"population":118282.2596},
{"SA3_CODE":11904,"population":128854.4341},
{"SA3_CODE":12001,"population":79247.36191},
{"SA3_CODE":12002,"population":50397.5667},
{"SA3_CODE":12003,"population":145055.1774},
{"SA3_CODE":12101,"population":101818.426},
{"SA3_CODE":12102,"population":71251.24977},
{"SA3_CODE":12103,"population":105922.9322},
{"SA3_CODE":12104,"population":89160.07945},
{"SA3_CODE":12201,"population":37689.59361},
{"SA3_CODE":12202,"population":54107.73365},
{"SA3_CODE":12203,"population":133402.1913},
{"SA3_CODE":12301,"population":52968.74217},
{"SA3_CODE":12302,"population":138955.9036},
{"SA3_CODE":12303,"population":36001.49013},
{"SA3_CODE":12401,"population":69600.67389},
{"SA3_CODE":12402,"population":6.608627997},
{"SA3_CODE":12403,"population":122032.0619},
{"SA3_CODE":12404,"population":33106.54722},
{"SA3_CODE":12405,"population":48046.34009},
{"SA3_CODE":12501,"population":83007.79554},
{"SA3_CODE":12502,"population":60087.41225},
{"SA3_CODE":12503,"population":133223.572},
{"SA3_CODE":12504,"population":126534.8192},
{"SA3_CODE":12601,"population":43287.33008},
{"SA3_CODE":12602,"population":125274.4532},
{"SA3_CODE":12701,"population":88607.86035},
{"SA3_CODE":12702,"population":168629.7279},
{"SA3_CODE":12703,"population":101830.6957},
{"SA3_CODE":12801,"population":100848.2566},
{"SA3_CODE":12802,"population":96015.32161},
{"SA3_CODE":20101,"population":89774.2329},
{"SA3_CODE":20102,"population":24724.14746},
{"SA3_CODE":20103,"population":22461.8712999999},
{"SA3_CODE":20201,"population":82082.67757},
{"SA3_CODE":20202,"population":41544.76849},
{"SA3_CODE":20203,"population":10038.19135},
{"SA3_CODE":20301,"population":15982.52942},
{"SA3_CODE":20302,"population":165610.8869},
{"SA3_CODE":20303,"population":61828.23548},
{"SA3_CODE":20401,"population":47637.59581},
{"SA3_CODE":20402,"population":40536.76701},
{"SA3_CODE":20403,"population":60678.13485},
{"SA3_CODE":20501,"population":42030.72047},
{"SA3_CODE":20502,"population":40262.97602},
{"SA3_CODE":20503,"population":54205.72698},
{"SA3_CODE":20504,"population":63798.53153},
{"SA3_CODE":20505,"population":37596.76782},
{"SA3_CODE":20601,"population":84885.7894},
{"SA3_CODE":20602,"population":49763.0242},
{"SA3_CODE":20603,"population":63244.26008},
{"SA3_CODE":20604,"population":147363.657},
{"SA3_CODE":20605,"population":101114.2411},
{"SA3_CODE":20606,"population":65301.92303},
{"SA3_CODE":20607,"population":88528.5379},
{"SA3_CODE":20701,"population":158787.7626},
{"SA3_CODE":20702,"population":87026.84847},
{"SA3_CODE":20703,"population":98380.57785},
{"SA3_CODE":20801,"population":89518.72726},
{"SA3_CODE":20802,"population":138654.2309},
{"SA3_CODE":20803,"population":108599.9506},
{"SA3_CODE":20804,"population":39150.93988},
{"SA3_CODE":20901,"population":113417.5556},
{"SA3_CODE":20902,"population":91323.78654},
{"SA3_CODE":20903,"population":59088.65079},
{"SA3_CODE":20904,"population":192114.1393},
{"SA3_CODE":21001,"population":55216.21918},
{"SA3_CODE":21002,"population":26495.01034},
{"SA3_CODE":21003,"population":70320.47778},
{"SA3_CODE":21004,"population":36252.36858},
{"SA3_CODE":21005,"population":142558.4039},
{"SA3_CODE":21101,"population":145185.7917},
{"SA3_CODE":21102,"population":24167.66726},
{"SA3_CODE":21103,"population":102077.5929},
{"SA3_CODE":21104,"population":56893.82779},
{"SA3_CODE":21105,"population":136602.569},
{"SA3_CODE":21201,"population":83213.41239},
{"SA3_CODE":21202,"population":119556.0331},
{"SA3_CODE":21203,"population":146171.993},
{"SA3_CODE":21204,"population":175905.6815},
{"SA3_CODE":21205,"population":168980.1912},
{"SA3_CODE":21301,"population":173551.9453},
{"SA3_CODE":21302,"population":77813.26367},
{"SA3_CODE":21303,"population":79089.5118},
{"SA3_CODE":21304,"population":133560.4798},
{"SA3_CODE":21305,"population":192409.4915},
{"SA3_CODE":21401,"population":124292.2724},
{"SA3_CODE":21402,"population":145939.2076},
{"SA3_CODE":21501,"population":51935.17941},
{"SA3_CODE":21502,"population":46441.63181},
{"SA3_CODE":21503,"population":32711.02709},
{"SA3_CODE":21601,"population":32448.55128},
{"SA3_CODE":21602,"population":25636.95013},
{"SA3_CODE":21603,"population":54637.63069},
{"SA3_CODE":21701,"population":31419.55161},
{"SA3_CODE":21703,"population":32143.8534},
{"SA3_CODE":21704,"population":43216.72783},
{"SA3_CODE":30101,"population":64283.21201},
{"SA3_CODE":30102,"population":75504.22869},
{"SA3_CODE":30103,"population":60433.80693},
{"SA3_CODE":30201,"population":36887.12483},
{"SA3_CODE":30202,"population":63104.51726},
{"SA3_CODE":30203,"population":35966.228},
{"SA3_CODE":30204,"population":52087.2176},
{"SA3_CODE":30301,"population":45207.50249},
{"SA3_CODE":30302,"population":66866.8114},
{"SA3_CODE":30303,"population":65186.95051},
{"SA3_CODE":30304,"population":35333.77837},
{"SA3_CODE":30305,"population":51962.17821},
{"SA3_CODE":30306,"population":45388.28506},
{"SA3_CODE":30401,"population":29002.29967},
{"SA3_CODE":30402,"population":39804.41034},
{"SA3_CODE":30403,"population":48240.60504},
{"SA3_CODE":30404,"population":44056.5335},
{"SA3_CODE":30501,"population":68908.26745},
{"SA3_CODE":30502,"population":36798.33578},
{"SA3_CODE":30503,"population":81328.24286},
{"SA3_CODE":30504,"population":51413.63641},
{"SA3_CODE":30601,"population":44836.52426},
{"SA3_CODE":30602,"population":86249.95471},
{"SA3_CODE":30603,"population":29833.25726},
{"SA3_CODE":30604,"population":10296.61933},
{"SA3_CODE":30605,"population":35559.3153},
{"SA3_CODE":30701,"population":37088.20805},
{"SA3_CODE":30702,"population":35804.61536},
{"SA3_CODE":30703,"population":35081.79587},
{"SA3_CODE":30801,"population":22873.74548},
{"SA3_CODE":30803,"population":100212.9319},
{"SA3_CODE":30804,"population":11939.55791},
{"SA3_CODE":30805,"population":51349.89822},
{"SA3_CODE":30901,"population":56324.18885},
{"SA3_CODE":30902,"population":47856.61899},
{"SA3_CODE":30903,"population":60932.61958},
{"SA3_CODE":30904,"population":16295.4982},
{"SA3_CODE":30905,"population":27866.05299},
{"SA3_CODE":30906,"population":57604.77193},
{"SA3_CODE":30907,"population":98815.70277},
{"SA3_CODE":30908,"population":44039.36537},
{"SA3_CODE":30909,"population":54313.54427},
{"SA3_CODE":30910,"population":38870.31534},
{"SA3_CODE":31001,"population":63531.70147},
{"SA3_CODE":31002,"population":55905.02638},
{"SA3_CODE":31003,"population":90531.11807},
{"SA3_CODE":31004,"population":68888.38727},
{"SA3_CODE":31101,"population":12421.41022},
{"SA3_CODE":31102,"population":35445.99538},
{"SA3_CODE":31103,"population":67773.34078},
{"SA3_CODE":31104,"population":38657.74623},
{"SA3_CODE":31105,"population":52413.53433},
{"SA3_CODE":31106,"population":66666.63781},
{"SA3_CODE":31201,"population":27323.34504},
{"SA3_CODE":31202,"population":98224.0439},
{"SA3_CODE":31203,"population":18795.09692},
{"SA3_CODE":31301,"population":31810.66584},
{"SA3_CODE":31302,"population":58785.23409},
{"SA3_CODE":31303,"population":12285.90362},
{"SA3_CODE":31304,"population":54921.81001},
{"SA3_CODE":31305,"population":55350.18369},
{"SA3_CODE":31401,"population":74807.76836},
{"SA3_CODE":31402,"population":59888.72254},
{"SA3_CODE":31403,"population":32583.74771},
{"SA3_CODE":31501,"population":25562.62861},
{"SA3_CODE":31502,"population":24248.83036},
{"SA3_CODE":31503,"population":14980.24737},
{"SA3_CODE":31601,"population":47756.46754},
{"SA3_CODE":31602,"population":71782.04566},
{"SA3_CODE":31603,"population":51682.18379},
{"SA3_CODE":31605,"population":36607.70446},
{"SA3_CODE":31606,"population":43873.86052},
{"SA3_CODE":31607,"population":37163.74105},
{"SA3_CODE":31608,"population":19193.3398},
{"SA3_CODE":31701,"population":128948.6859},
{"SA3_CODE":31801,"population":37180.64786},
{"SA3_CODE":31802,"population":160313.4804},
{"SA3_CODE":31901,"population":78214.84203},
{"SA3_CODE":31902,"population":43081.25911},
{"SA3_CODE":31903,"population":43624.3395},
{"SA3_CODE":31904,"population":51221.0842399999},
{"SA3_CODE":31905,"population":40295.30166},
{"SA3_CODE":40101,"population":21802.12677},
{"SA3_CODE":40102,"population":61144.5161},
{"SA3_CODE":40103,"population":38439.97682},
{"SA3_CODE":40104,"population":44746.93383},
{"SA3_CODE":40105,"population":32027.84418},
{"SA3_CODE":40106,"population":24453.46635},
{"SA3_CODE":40107,"population":33552.52923},
{"SA3_CODE":40201,"population":29718.96286},
{"SA3_CODE":40202,"population":73571.83006},
{"SA3_CODE":40203,"population":58753.86314},
{"SA3_CODE":40204,"population":115528.0799},
{"SA3_CODE":40205,"population":81304.19234},
{"SA3_CODE":40301,"population":30544.78227},
{"SA3_CODE":40302,"population":79416.36456},
{"SA3_CODE":40303,"population":55640.05416},
{"SA3_CODE":40304,"population":143939.7239},
{"SA3_CODE":40401,"population":96935.95867},
{"SA3_CODE":40402,"population":51549.15169},
{"SA3_CODE":40403,"population":54861.84365},
{"SA3_CODE":40501,"population":30249.83818},
{"SA3_CODE":40502,"population":19404.75692},
{"SA3_CODE":40503,"population":24061.62381},
{"SA3_CODE":40504,"population":22513.99445},
{"SA3_CODE":40601,"population":48301.73784},
{"SA3_CODE":40602,"population":21948.08977},
{"SA3_CODE":40701,"population":45364.75616},
{"SA3_CODE":40702,"population":55378.84372},
{"SA3_CODE":40703,"population":60771.979},
{"SA3_CODE":50101,"population":42335.62489},
{"SA3_CODE":50102,"population":85785.54597},
{"SA3_CODE":50103,"population":19475.41006},
{"SA3_CODE":50201,"population":86188.528},
{"SA3_CODE":50301,"population":59871.38309},
{"SA3_CODE":50302,"population":93840.60955},
{"SA3_CODE":50401,"population":72561.63231},
{"SA3_CODE":50402,"population":37306.93336},
{"SA3_CODE":50403,"population":108111.8897},
{"SA3_CODE":50501,"population":135099.208},
{"SA3_CODE":50502,"population":172173.3934},
{"SA3_CODE":50503,"population":156240.4625},
{"SA3_CODE":50601,"population":66936.07142},
{"SA3_CODE":50602,"population":63826.2129399999},
{"SA3_CODE":50603,"population":83412.3438},
{"SA3_CODE":50604,"population":100538.2823},
{"SA3_CODE":50605,"population":50070.07658},
{"SA3_CODE":50606,"population":22077.50184},
{"SA3_CODE":50607,"population":38540.43586},
{"SA3_CODE":50701,"population":87755.69623},
{"SA3_CODE":50702,"population":33706.39916},
{"SA3_CODE":50703,"population":32421.1809},
{"SA3_CODE":50704,"population":90692.75287},
{"SA3_CODE":50705,"population":105104.5137},
{"SA3_CODE":50901,"population":50431.32978},
{"SA3_CODE":50902,"population":47662.13572},
{"SA3_CODE":50903,"population":16906.80058},
{"SA3_CODE":51001,"population":26347.03475},
{"SA3_CODE":51002,"population":20192.40401},
{"SA3_CODE":51003,"population":27430.83162},
{"SA3_CODE":51101,"population":13307.65368},
{"SA3_CODE":51102,"population":7696.425277},
{"SA3_CODE":51103,"population":31282.29672},
{"SA3_CODE":51104,"population":45154.51351},
{"SA3_CODE":60101,"population":14070.05689},
{"SA3_CODE":60102,"population":46273.80579},
{"SA3_CODE":60103,"population":46475.38702},
{"SA3_CODE":60104,"population":28006.66572},
{"SA3_CODE":60105,"population":46917.07584},
{"SA3_CODE":60106,"population":14015.32347},
{"SA3_CODE":60201,"population":70521.55158},
{"SA3_CODE":60202,"population":19493.71015},
{"SA3_CODE":60203,"population":32427.33817},
{"SA3_CODE":60301,"population":9615.853751},
{"SA3_CODE":60302,"population":16566.67233},
{"SA3_CODE":60303,"population":6097.340218},
{"SA3_CODE":60401,"population":41288.43263},
{"SA3_CODE":60402,"population":38481.239},
{"SA3_CODE":60403,"population":14652.65805},
{"SA3_CODE":70101,"population":23996.62775},
{"SA3_CODE":70102,"population":46985.77935},
{"SA3_CODE":70103,"population":20844.19422},
{"SA3_CODE":70104,"population":26971.47174},
{"SA3_CODE":70201,"population":30629.44154},
{"SA3_CODE":70202,"population":4433.618066},
{"SA3_CODE":70203,"population":12910.43045},
{"SA3_CODE":70204,"population":10072.48076},
{"SA3_CODE":70205,"population":14917.26361},
{"SA3_CODE":80101,"population":83523.17585},
{"SA3_CODE":80103,"population":1411.158475},
{"SA3_CODE":80104,"population":57617.46019},
{"SA3_CODE":80105,"population":49523.24453},
{"SA3_CODE":80106,"population":24901.29703},
{"SA3_CODE":80107,"population":73463.6021},
{"SA3_CODE":80108,"population":19785.44454},
{"SA3_CODE":80109,"population":31092.75793},
{"SA3_CODE":80110,"population":3774.286088},
{"SA3_CODE":80111,"population":461.9256534}]