[{
  "id": 1,
  "top": "40%",
  "left": "37%",
  "text": "Laziness level: 100%\nsomething else",
  "count": 31
},
{
  "id": 2,
  "top": "50%",
  "left": "37%",
  "text": "Laziness level: 100%\nsomething else",
  "count": 14
},
{
  "id": 3,
  "top": "51%",
  "left": "63%",
  "text": "Laziness level: 100%\nsomething else",
  "count": 38
},
{
  "id": 4,
  "top": "12%",
  "left": "56%",
  "text": "Laziness level: 100%\nsomething else",
  "count": 67
},
{
  "id": 5,
  "top": "42%",
  "left": "69%",
  "text": "Laziness level: 100%\nsomething else",
  "count": 26
},
{
  "id": 6,
  "top": "61%",
  "left": "24%",
  "text": "Laziness level: 100%\nsomething else",
  "count": 14
}
]